,beta,variance_share
level,-0.003299,0.008013
slope,-0.009155,0.024127
credit,-0.243438,0.959930
inflation,0.003754,0.007930
